4639049,09-9150-24,7
4742824,06-6040-01,8
4742824,08-8060-01,11
4752617,09-9170-24,7
4779240,09-9060-24,7
4780362,07-7050-22,12
4780362,07-7050-22,15
4780362,07-7050-22,8
4780362,07-7050-22,9
4783665,05-5070-01,7
4783665,05-5070-01,8
4787750,M3-3020-01,7
4787750,M3-3480-01,8
4788951,02-2380-24,11
4788951,02-2380-24,9
4795091,07-7210-22,7
4797409,06-6070-01,9
4797621,06-6180-01,10
4803968,02-2700-24,9
4827394,07-7150-01,10
4827394,07-7150-01,7
4827394,07-7150-01,8
4827394,07-7150-01,9
4827394,07-7190-01,8
4828910,M3-3710-01,7
4830823,M3-323A-01,7
4830851,01-1110-23,7
4831400,M3-3430-01,7
4832855,M3-3840-01,7
4834408,01-1220-23,11
4834408,01-1220-23,13
4834408,01-1220-23,7
4834408,01-1220-23,8
4834408,01-1220-23,9
4837492,02-2290-25,13
4837700,09-9150-24,8
4840411,01-1140-23,8
4841074,05-5020-25,10
4841074,05-5020-25,11
4841074,05-5020-25,7
4841074,05-5020-25,8
4841074,05-5020-25,9
4841674,01-1210-23,7
4841674,01-1210-23,8
4841674,01-1210-23,9
4844410,05-5060-01,7
4844410,05-5060-01,8
4844693,M3-323A-01,7
4846716,09-9150-24,10
4846716,09-9150-24,12
4846716,09-9150-24,7
4846716,09-9150-24,8
4846716,09-9150-24,9
4848077,M3-3790-01,7
4848102,M3-3810-01,7
4848902,02-2710-24,8
4848974,M3-3690-01,7
4850372,09-9260-24,7
4855054,M3-3850-01,8
4857829,M3-3880-01,7
4859216,02-2300-25,9
4859216,TR-6100-61,7
4859662,02-2470-24,7
4862674,07-7040-22,7
4865113,02-2030-25,11
4866934,07-7230-22,13
4866934,07-7230-22,7
4867442,09-9080-01,7
4867570,02-2050-01,7
4867570,02-2050-01,8
4867711,05-5220-01,8
4873457,07-7170-22,7
4873969,02-2250-25,8
4873969,02-2250-51,8
4873969,TR-6030-61,8
4875051,08-8230-01,7
4875703,09-9130-24,9
4878979,M3-3730-01,11
4878979,M3-3730-01,8
4882129,09-9180-24,10
4882129,09-9180-24,11
4882129,09-9180-24,14
4882129,09-9180-24,7
4882129,09-9180-24,9
4882142,M3-3840-01,8
4883757,TR-0010-61,8
4884423,02-2370-25,10
4884423,02-2370-25,7
4884423,02-2370-25,9
4885426,01-1170-23,8
4885426,02-2230-51,8
4888332,M3-3820-01,7
4894114,02-2190-25,8
4894114,02-2190-51,7
4895628,06-6182-01,10
4895628,06-6182-01,7
4895628,06-6182-01,8
4895628,06-6182-01,9
4899392,01-1200-23,7
4899392,TR-6060-61,10
4900690,02-2270-25,11
4900690,02-2270-25,8
4900904,TR-6070-61,9
4900911,02-2720-24,9
4906148,08-8150-01,7
4908918,06-6200-01,9